{"cameraMode":{"drawMode":0,"name":"Shaded","section":"Shading Mode"},"sceneLighting":true,"audioPlay":false,"sceneViewState":{"showFog":true,"showMaterialUpdate":false,"showSkybox":true,"showFlares":true,"showImageEffects":true,"showParticleSystems":true},"in2DMode":false,"pivot":{"x":3.6439850330352785,"y":1.372711181640625,"z":-0.7379016876220703},"rotation":{"x":0.036607105284929278,"y":-0.7534329891204834,"z":0.042090076953172687,"w":0.655214250087738},"size":4.8292059898376469,"orthographic":false}