{"cameraMode":{"drawMode":0,"name":"Shaded","section":"Shading Mode"},"sceneLighting":true,"audioPlay":false,"sceneViewState":{"showFog":true,"showMaterialUpdate":false,"showSkybox":true,"showFlares":true,"showImageEffects":true,"showParticleSystems":true},"in2DMode":false,"pivot":{"x":-0.0014736056327819825,"y":0.8016889691352844,"z":-0.6600794792175293},"rotation":{"x":-0.10210680961608887,"y":-0.023567702621221544,"z":0.0026570658665150406,"w":-0.9945725202560425},"size":5.804158687591553,"orthographic":false}