{"cameraMode":{"drawMode":0,"name":"Shaded","section":"Shading Mode"},"sceneLighting":false,"audioPlay":false,"sceneViewState":{"showFog":true,"showMaterialUpdate":false,"showSkybox":false,"showFlares":true,"showImageEffects":true,"showParticleSystems":true},"in2DMode":false,"pivot":{"x":6.00600004196167,"y":0.0,"z":-0.02499997615814209},"rotation":{"x":-0.39024078845977785,"y":-0.07528949528932572,"z":0.03201495483517647,"w":-0.9170920252799988},"size":2.2634377479553224,"orthographic":false}